{"stats":{"minecraft:used":{"minecraft:oak_trapdoor":12,"minecraft:purpur_block":2,"minecraft:light_blue_banner":40,"minecraft:nether_brick_fence":108,"minecraft:iron_bars":635,"minecraft:blue_terracotta":13,"minecraft:writable_book":43,"minecraft:enchanting_table":14,"minecraft:acacia_log":6,"minecraft:armor_stand":1,"minecraft:redstone":73,"minecraft:ladder":24,"minecraft:oak_sign":1,"minecraft:light_gray_carpet":34,"minecraft:light_blue_terracotta":24,"minecraft:black_carpet":29,"minecraft:chest":52,"minecraft:donkey_spawn_egg":1,"minecraft:ender_chest":14,"minecraft:stone":4,"minecraft:creeper_head":2,"minecraft:white_shulker_box":1,"minecraft:red_nether_brick_stairs":67,"minecraft:stripped_birch_wood":9,"minecraft:quartz_stairs":97,"minecraft:player_head":4,"minecraft:spruce_leaves":22,"minecraft:torch":11,"minecraft:dirt":7,"minecraft:red_nether_brick_slab":7,"minecraft:hopper":14,"minecraft:blue_stained_glass":20,"minecraft:prismarine_brick_stairs":16,"minecraft:yellow_carpet":9,"minecraft:oak_wood":7,"minecraft:snowball":9,"minecraft:spruce_fence":5,"minecraft:light_blue_stained_glass":3,"minecraft:blue_concrete":14,"minecraft:stripped_spruce_log":68,"minecraft:andesite_wall":15,"minecraft:birch_door":48,"minecraft:wandering_trader_spawn_egg":23,"minecraft:purple_stained_glass_pane":12,"minecraft:glass":180,"minecraft:dark_oak_planks":6,"minecraft:sea_lantern":29,"minecraft:yellow_stained_glass":3,"minecraft:stripped_dark_oak_wood":3,"minecraft:light_gray_stained_glass":6,"minecraft:bookshelf":31,"minecraft:quartz_pillar":158,"minecraft:villager_spawn_egg":45,"minecraft:quartz_slab":2579,"minecraft:grass_block":7,"minecraft:red_wool":2,"minecraft:black_stained_glass_pane":13,"minecraft:iron_block":80,"minecraft:light_weighted_pressure_plate":2,"minecraft:quartz_block":3,"minecraft:dark_oak_wood":226,"minecraft:gray_concrete_powder":1,"minecraft:smooth_quartz":2852,"minecraft:dark_oak_button":24,"minecraft:diorite_wall":2,"minecraft:stone_brick_stairs":1,"minecraft:item_frame":193,"minecraft:repeater":5,"minecraft:red_nether_brick_wall":17,"minecraft:bedrock":4,"minecraft:light_gray_wool":16,"minecraft:golden_sword":11,"minecraft:scaffolding":86,"minecraft:tripwire_hook":20,"minecraft:birch_trapdoor":102,"minecraft:purple_concrete":9,"minecraft:glowstone":50,"minecraft:lime_concrete":27,"minecraft:red_carpet":23,"minecraft:redstone_lamp":62,"minecraft:magma_block":2,"minecraft:snow":522,"minecraft:black_stained_glass":26,"minecraft:emerald_block":8,"minecraft:blue_shulker_box":2,"minecraft:written_book":26,"minecraft:iron_trapdoor":44,"minecraft:dark_oak_pressure_plate":2,"minecraft:yellow_glazed_terracotta":2,"minecraft:oak_sapling":3,"minecraft:white_stained_glass_pane":11,"minecraft:minecart":1,"minecraft:acacia_wood":52,"minecraft:gold_block":8,"minecraft:granite_wall":4,"minecraft:stone_pressure_plate":3,"minecraft:dragon_head":7,"minecraft:observer":1,"minecraft:light_blue_carpet":10,"minecraft:water_bucket":7,"minecraft:yellow_banner":16,"minecraft:light_blue_shulker_box":14,"minecraft:diorite":137,"minecraft:end_rod":513,"minecraft:nether_brick_wall":4,"minecraft:light_blue_glazed_terracotta":5,"minecraft:spruce_door":4,"minecraft:brick_wall":4,"minecraft:prismarine_brick_slab":18,"minecraft:birch_planks":35,"minecraft:gray_carpet":253,"minecraft:stripped_birch_log":65,"minecraft:powered_rail":2,"minecraft:polished_andesite":2,"minecraft:acacia_trapdoor":2,"minecraft:dark_oak_sign":83,"minecraft:jungle_fence":1,"minecraft:cartography_table":4,"minecraft:birch_wood":19,"minecraft:blue_wool":9,"minecraft:andesite_slab":14,"minecraft:ender_pearl":4,"minecraft:purple_glazed_terracotta":1,"minecraft:black_shulker_box":5,"minecraft:redstone_block":48,"minecraft:cauldron":29,"minecraft:stonecutter":14,"minecraft:beacon":4,"minecraft:conduit":72,"minecraft:white_wool":2,"minecraft:diamond_block":1,"minecraft:dark_oak_trapdoor":57,"minecraft:rail":3,"minecraft:purpur_stairs":204,"minecraft:light_gray_banner":32,"minecraft:comparator":11,"minecraft:infested_chiseled_stone_bricks":4,"minecraft:light_blue_concrete":258,"minecraft:oak_slab":1,"minecraft:dark_prismarine_slab":4,"minecraft:cyan_glazed_terracotta":1,"minecraft:black_banner":100,"minecraft:birch_sign":19,"minecraft:blue_ice":1,"minecraft:dark_oak_fence_gate":5,"minecraft:dead_bubble_coral":14,"minecraft:light_gray_concrete_powder":47,"minecraft:chiseled_quartz_block":79,"minecraft:stone_brick_wall":9,"minecraft:note_block":15,"minecraft:gray_concrete":17,"minecraft:lingering_potion":2,"minecraft:black_concrete_powder":29,"minecraft:spruce_log":23,"minecraft:smoker":2,"minecraft:dark_oak_door":70,"minecraft:cyan_stained_glass":16,"minecraft:birch_fence":71,"minecraft:redstone_torch":28,"minecraft:black_terracotta":47,"minecraft:blue_stained_glass_pane":4,"minecraft:enderman_spawn_egg":1,"minecraft:piston":30,"minecraft:dark_prismarine":1,"minecraft:lever":38,"minecraft:flower_pot":7,"minecraft:black_wool":39,"minecraft:black_concrete":1976,"minecraft:daylight_detector":4,"minecraft:dark_oak_log":212,"minecraft:birch_slab":57,"minecraft:light_gray_concrete":2,"minecraft:heavy_weighted_pressure_plate":7,"minecraft:map":107,"minecraft:cyan_bed":3,"minecraft:oak_button":2,"minecraft:stone_button":11,"minecraft:cyan_carpet":147,"minecraft:lectern":77,"minecraft:cyan_concrete":1,"minecraft:stone_slab":303,"minecraft:purpur_slab":45,"minecraft:iron_door":23,"minecraft:prismarine_wall":19,"minecraft:gravel":4,"minecraft:polished_andesite_slab":1,"minecraft:chiseled_stone_bricks":42,"minecraft:coal_block":21,"minecraft:cobblestone":66,"minecraft:stripped_oak_wood":4,"minecraft:white_banner":20,"minecraft:grindstone":12,"minecraft:andesite":5,"minecraft:dark_oak_fence":4,"minecraft:jungle_door":1,"minecraft:white_stained_glass":1,"minecraft:bucket":2,"minecraft:lapis_block":33,"minecraft:glass_pane":83,"minecraft:smooth_stone_slab":7,"minecraft:end_portal_frame":5,"minecraft:sea_pickle":113,"minecraft:white_concrete":2648,"minecraft:gray_wool":73,"minecraft:cobweb":34,"minecraft:smooth_stone":4,"minecraft:jukebox":8,"minecraft:birch_stairs":87,"minecraft:diorite_slab":56},"minecraft:custom":{"minecraft:inspect_hopper":6,"minecraft:open_shulker_box":13,"minecraft:leave_game":37,"minecraft:time_since_death":2635226,"minecraft:climb_one_cm":4447,"minecraft:sprint_one_cm":606,"minecraft:walk_one_cm":2449626,"minecraft:drop":17,"minecraft:talked_to_villager":6,"minecraft:sneak_time":275,"minecraft:walk_under_water_one_cm":15266,"minecraft:interact_with_lectern":36,"minecraft:jump":2079,"minecraft:walk_on_water_one_cm":36495,"minecraft:interact_with_cartography_table":3,"minecraft:tune_noteblock":24,"minecraft:play_one_minute":2635226,"minecraft:interact_with_grindstone":7,"minecraft:interact_with_stonecutter":6,"minecraft:time_since_rest":2635226,"minecraft:open_enderchest":11,"minecraft:damage_taken":10,"minecraft:damage_dealt":523,"minecraft:minecart_one_cm":450,"minecraft:interact_with_beacon":4,"minecraft:fly_one_cm":1335307,"minecraft:open_chest":27,"minecraft:crouch_one_cm":114,"minecraft:aviate_one_cm":54522,"minecraft:interact_with_smoker":2,"minecraft:fall_one_cm":544},"minecraft:dropped":{"minecraft:grass_block":1,"minecraft:end_rod":1,"minecraft:conduit":64,"minecraft:white_concrete":1,"minecraft:smooth_quartz":1,"minecraft:black_concrete":2,"minecraft:redstone_block":2,"minecraft:smooth_stone_slab":1,"minecraft:light_blue_concrete":1,"minecraft:ladder":1,"minecraft:iron_ore":1,"minecraft:light_blue_terracotta":1,"minecraft:written_book":3},"minecraft:picked_up":{"minecraft:azure_bluet":1,"minecraft:light_blue_concrete":1,"minecraft:redstone_block":2,"minecraft:ladder":1,"minecraft:conduit":64,"minecraft:heavy_weighted_pressure_plate":1,"minecraft:smooth_stone_slab":1,"minecraft:item_frame":15,"minecraft:cyan_carpet":12,"minecraft:glass_pane":1,"minecraft:sea_pickle":14,"minecraft:redstone_torch":5,"minecraft:written_book":6,"minecraft:smooth_quartz":1,"minecraft:stick":1,"minecraft:bowl":1,"minecraft:redstone":6,"minecraft:light_gray_banner":6,"minecraft:yellow_banner":3,"minecraft:cyan_terracotta":1,"minecraft:end_rod":1,"minecraft:black_banner":28,"minecraft:rail":1,"minecraft:clock":1,"minecraft:tripwire_hook":1,"minecraft:white_banner":3,"minecraft:apple":1,"minecraft:red_carpet":1,"minecraft:light_blue_banner":3,"minecraft:gray_carpet":15,"minecraft:dark_oak_sign":44,"minecraft:iron_ore":1,"minecraft:grass_block":1,"minecraft:spruce_door":1,"minecraft:black_concrete":3,"minecraft:lever":4,"minecraft:writable_book":9,"minecraft:light_blue_carpet":1,"minecraft:white_concrete":1,"minecraft:oak_button":1,"minecraft:oak_sapling":2,"minecraft:nether_star":1},"minecraft:mined":{"minecraft:cyan_bed":2}},"DataVersion":2230}