{"stats":{"minecraft:killed":{"minecraft:tropical_fish":1},"minecraft:picked_up":{"minecraft:birch_door":24,"minecraft:allium":2,"minecraft:azure_bluet":4,"minecraft:redstone_lamp":1,"minecraft:potion":3,"minecraft:heavy_weighted_pressure_plate":2,"minecraft:cornflower":2,"minecraft:elytra":10,"minecraft:snow":1,"minecraft:compass":1,"minecraft:item_frame":17,"minecraft:white_carpet":1,"minecraft:oak_sign":49,"minecraft:cyan_carpet":5,"minecraft:glass_pane":3,"minecraft:blue_orchid":2,"minecraft:dark_prismarine_stairs":1,"minecraft:white_tulip":2,"minecraft:redstone_torch":22,"minecraft:poppy":4,"minecraft:smooth_quartz":2,"minecraft:minecart":27,"minecraft:melon_slice":1,"minecraft:dark_oak_door":6,"minecraft:stick":4,"minecraft:oak_door":1,"minecraft:birch_trapdoor":1,"minecraft:cyan_stained_glass":1,"minecraft:spruce_stairs":1,"minecraft:stone_button":13,"minecraft:blue_carpet":3,"minecraft:yellow_banner":4,"minecraft:tropical_fish":1,"minecraft:red_tulip":2,"minecraft:pink_tulip":2,"minecraft:end_rod":1,"minecraft:iron_bars":1,"minecraft:snowball":657,"minecraft:rail":2,"minecraft:oxeye_daisy":3,"minecraft:leather_chestplate":3,"minecraft:cooked_beef":256,"minecraft:iron_door":9,"minecraft:tripwire_hook":11,"minecraft:magenta_banner":2,"minecraft:salmon":1,"minecraft:orange_carpet":1,"minecraft:fern":1,"minecraft:filled_map":6,"minecraft:lily_pad":6,"minecraft:cobblestone_wall":1,"minecraft:lantern":18,"minecraft:white_banner":2,"minecraft:light_gray_concrete_powder":35,"minecraft:purple_carpet":3,"minecraft:gray_carpet":62,"minecraft:wheat_seeds":18,"minecraft:dark_oak_sign":1,"minecraft:rabbit":1,"minecraft:glass_bottle":62,"minecraft:powered_rail":1,"minecraft:black_terracotta":9,"minecraft:sweet_berries":1,"minecraft:dandelion":5,"minecraft:sand":1,"minecraft:lily_of_the_valley":2,"minecraft:sea_lantern":4,"minecraft:dark_prismarine":1,"minecraft:firework_rocket":129,"minecraft:black_concrete":1,"minecraft:lever":3,"minecraft:painting":15,"minecraft:birch_sign":10,"minecraft:spruce_sign":3,"minecraft:oak_button":1,"minecraft:smooth_quartz_slab":2},"minecraft:crafted":{"minecraft:leather_leggings":3,"minecraft:leather_boots":3,"minecraft:leather_helmet":2,"minecraft:leather_chestplate":5},"minecraft:used":{"minecraft:diorite_stairs":12,"minecraft:oak_fence":173,"minecraft:oak_trapdoor":17,"minecraft:nether_brick_fence":22,"minecraft:jungle_leaves":23,"minecraft:blue_terracotta":15,"minecraft:iron_bars":898,"minecraft:polished_granite_stairs":3,"minecraft:white_tulip":3,"minecraft:dead_bush":34,"minecraft:smooth_quartz_slab":506,"minecraft:armor_stand":35,"minecraft:spruce_slab":383,"minecraft:redstone":19,"minecraft:oak_sign":316,"minecraft:poppy":1,"minecraft:light_blue_terracotta":53,"minecraft:light_gray_carpet":42,"minecraft:black_carpet":23,"minecraft:spruce_planks":117,"minecraft:chest":35,"minecraft:white_terracotta":2,"minecraft:stone":311,"minecraft:quartz_stairs":145,"minecraft:red_nether_brick_stairs":17,"minecraft:bubble_coral":1,"minecraft:grass":72,"minecraft:smooth_sandstone_stairs":7,"minecraft:structure_block":63,"minecraft:oak_door":6,"minecraft:green_terracotta":1,"minecraft:tube_coral":3,"minecraft:torch":3,"minecraft:spruce_leaves":196,"minecraft:orange_stained_glass":17,"minecraft:lily_of_the_valley":2,"minecraft:brewing_stand":11,"minecraft:dirt":6,"minecraft:anvil":3,"minecraft:red_nether_brick_slab":10,"minecraft:pink_carpet":3,"minecraft:polished_granite_slab":4,"minecraft:snowball":87,"minecraft:white_carpet":43,"minecraft:yellow_carpet":6,"minecraft:spruce_stairs":370,"minecraft:hopper":3,"minecraft:jungle_planks":25,"minecraft:blue_stained_glass":3,"minecraft:stone_stairs":65,"minecraft:nether_brick_slab":183,"minecraft:orange_wool":5,"minecraft:nether_bricks":1,"minecraft:prismarine_brick_stairs":10,"minecraft:cobblestone_wall":3,"minecraft:jungle_slab":289,"minecraft:allium":2,"minecraft:acacia_button":5,"minecraft:spruce_fence":81,"minecraft:jungle_trapdoor":17,"minecraft:azure_bluet":1,"minecraft:light_blue_stained_glass":43,"minecraft:blue_concrete":23,"minecraft:nether_brick_stairs":129,"minecraft:oak_fence_gate":7,"minecraft:obsidian":43,"minecraft:polished_diorite":1,"minecraft:fern":13,"minecraft:birch_door":157,"minecraft:glass":425,"minecraft:honey_block":10,"minecraft:sea_lantern":954,"minecraft:cyan_terracotta":192,"minecraft:quartz_slab":434,"minecraft:grass_block":320,"minecraft:lime_banner":12,"minecraft:red_tulip":2,"minecraft:quartz_pillar":526,"minecraft:iron_block":1,"minecraft:blue_orchid":1,"minecraft:jungle_fence_gate":5,"minecraft:black_stained_glass_pane":8,"minecraft:lantern":46,"minecraft:light_weighted_pressure_plate":1,"minecraft:oak_stairs":422,"minecraft:smooth_sandstone":9,"minecraft:spruce_button":1,"minecraft:slime_block":17,"minecraft:quartz_block":384,"minecraft:acacia_slab":191,"minecraft:polished_andesite_stairs":418,"minecraft:green_wool":2,"minecraft:dark_oak_leaves":3,"minecraft:dark_oak_slab":20,"minecraft:smooth_quartz":3870,"minecraft:diorite_wall":124,"minecraft:stone_brick_stairs":16,"minecraft:barrel":1,"minecraft:stone_bricks":349,"minecraft:item_frame":166,"minecraft:honeycomb_block":3,"minecraft:light_gray_wool":2,"minecraft:tripwire_hook":34,"minecraft:glowstone":147,"minecraft:snow":117,"minecraft:birch_trapdoor":192,"minecraft:brown_carpet":17,"minecraft:redstone_lamp":1,"minecraft:red_carpet":12,"minecraft:lime_concrete":11,"minecraft:black_stained_glass":19,"minecraft:horn_coral":1,"minecraft:iron_trapdoor":69,"minecraft:dark_oak_pressure_plate":3,"minecraft:oak_sapling":7,"minecraft:minecart":9,"minecraft:acacia_fence":5,"minecraft:stone_pressure_plate":11,"minecraft:acacia_planks":4,"minecraft:dark_prismarine_stairs":61,"minecraft:large_fern":10,"minecraft:seagrass":10,"minecraft:light_blue_carpet":13,"minecraft:birch_planks":20,"minecraft:gray_carpet":411,"minecraft:water_bucket":69,"minecraft:dark_oak_stairs":18,"minecraft:spruce_door":15,"minecraft:yellow_banner":13,"minecraft:pink_tulip":3,"minecraft:diorite":85,"minecraft:end_rod":110,"minecraft:cobblestone_stairs":15,"minecraft:wither_skeleton_skull":1,"minecraft:prismarine_brick_slab":9,"minecraft:stripped_acacia_log":5,"minecraft:powered_rail":8,"minecraft:blue_wool":85,"minecraft:polished_andesite":272,"minecraft:prismarine":1,"minecraft:dark_oak_sign":7,"minecraft:birch_leaves":216,"minecraft:acacia_trapdoor":7,"minecraft:oak_planks":49,"minecraft:red_nether_bricks":1,"minecraft:jungle_fence":14,"minecraft:prismarine_stairs":11,"minecraft:lily_pad":5,"minecraft:orange_tulip":3,"minecraft:andesite_slab":25,"minecraft:smooth_sandstone_slab":29,"minecraft:ender_pearl":40,"minecraft:mossy_stone_brick_stairs":1,"minecraft:sandstone":119,"minecraft:spruce_sign":6,"minecraft:composter":6,"minecraft:structure_void":2,"minecraft:cauldron":32,"minecraft:fletching_table":3,"minecraft:spruce_fence_gate":15,"minecraft:cobblestone_slab":60,"minecraft:smooth_quartz_stairs":66,"minecraft:oak_leaves":432,"minecraft:brain_coral":4,"minecraft:vine":42,"minecraft:rail":52,"minecraft:light_blue_concrete":414,"minecraft:dark_oak_trapdoor":272,"minecraft:orange_carpet":19,"minecraft:yellow_terracotta":69,"minecraft:sand":225,"minecraft:lime_terracotta":72,"minecraft:terracotta":9,"minecraft:oak_slab":362,"minecraft:dark_prismarine_slab":24,"minecraft:crafting_table":4,"minecraft:loom":12,"minecraft:black_banner":5,"minecraft:brown_banner":2,"minecraft:birch_sign":31,"minecraft:smooth_red_sandstone":1,"minecraft:acacia_leaves":3,"minecraft:dark_oak_fence_gate":12,"minecraft:light_gray_concrete_powder":260,"minecraft:stone_brick_wall":1,"minecraft:fire_coral":2,"minecraft:painting":740,"minecraft:black_concrete_powder":1,"minecraft:spruce_log":5,"minecraft:dark_oak_door":57,"minecraft:cyan_stained_glass":288,"minecraft:redstone_torch":64,"minecraft:birch_fence":49,"minecraft:flower_pot":31,"minecraft:sticky_piston":5,"minecraft:black_terracotta":311,"minecraft:black_wool":78,"minecraft:black_concrete":323,"minecraft:dark_prismarine":91,"minecraft:lever":15,"minecraft:cornflower":3,"minecraft:acacia_stairs":110,"minecraft:activator_rail":3,"minecraft:oxeye_daisy":2,"minecraft:firework_rocket":137,"minecraft:daylight_detector":13,"minecraft:birch_fence_gate":16,"minecraft:birch_slab":106,"minecraft:lime_carpet":2,"minecraft:light_gray_concrete":16,"minecraft:heavy_weighted_pressure_plate":44,"minecraft:cyan_carpet":6,"minecraft:stone_button":95,"minecraft:brown_wool":1,"minecraft:oak_button":8,"minecraft:lectern":6,"minecraft:jungle_stairs":208,"minecraft:cyan_concrete":51,"minecraft:stone_slab":108,"minecraft:red_terracotta":13,"minecraft:spruce_trapdoor":206,"minecraft:iron_door":112,"minecraft:polished_andesite_slab":130,"minecraft:acacia_fence_gate":8,"minecraft:magenta_banner":88,"minecraft:blue_carpet":8,"minecraft:jungle_sign":2,"minecraft:diamond_sword":1,"minecraft:smooth_red_sandstone_slab":23,"minecraft:cobblestone":73,"minecraft:orange_banner":3,"minecraft:white_banner":62,"minecraft:grindstone":8,"minecraft:dark_oak_fence":32,"minecraft:andesite_stairs":33,"minecraft:green_concrete_powder":2,"minecraft:andesite":72,"minecraft:glass_pane":43,"minecraft:smooth_stone_slab":295,"minecraft:sea_pickle":5,"minecraft:white_concrete":260,"minecraft:tropical_fish_bucket":1,"minecraft:dandelion":2,"minecraft:purple_carpet":55,"minecraft:gray_wool":261,"minecraft:cobweb":1,"minecraft:bone_meal":87,"minecraft:purple_wool":3,"minecraft:smooth_stone":47,"minecraft:diorite_slab":24,"minecraft:birch_stairs":116},"minecraft:custom":{"minecraft:mob_kills":1,"minecraft:interact_with_anvil":7,"minecraft:inspect_hopper":5,"minecraft:interact_with_crafting_table":16,"minecraft:fill_cauldron":14,"minecraft:leave_game":59,"minecraft:time_since_death":2130804,"minecraft:climb_one_cm":9624,"minecraft:sprint_one_cm":525059,"minecraft:walk_one_cm":2477377,"minecraft:drop":110,"minecraft:sneak_time":93746,"minecraft:walk_under_water_one_cm":8899,"minecraft:jump":5721,"minecraft:interact_with_brewingstand":5,"minecraft:walk_on_water_one_cm":24152,"minecraft:interact_with_cartography_table":3,"minecraft:play_one_minute":2130804,"minecraft:interact_with_loom":23,"minecraft:pot_flower":11,"minecraft:time_since_rest":2130804,"minecraft:damage_taken":130,"minecraft:minecart_one_cm":30988,"minecraft:damage_dealt":30,"minecraft:swim_one_cm":1522,"minecraft:fly_one_cm":11482654,"minecraft:open_chest":82,"minecraft:crouch_one_cm":131894,"minecraft:aviate_one_cm":4140548,"minecraft:fall_one_cm":1591},"minecraft:dropped":{"minecraft:cyan_stained_glass":1,"minecraft:spruce_stairs":1,"minecraft:elytra":8,"minecraft:redstone_lamp":1,"minecraft:smooth_quartz":1,"minecraft:snowball":156,"minecraft:potion":3,"minecraft:smooth_quartz_slab":1,"minecraft:sunflower":33,"minecraft:heart_of_the_sea":1,"minecraft:black_concrete":1,"minecraft:dandelion":1,"minecraft:cobblestone_wall":1,"minecraft:fern":1,"minecraft:oak_sign":1,"minecraft:filled_map":6,"minecraft:leather_chestplate":4,"minecraft:sea_lantern":3,"minecraft:firework_rocket":69}},"DataVersion":2230}