{"stats":{"minecraft:picked_up":{"minecraft:polished_andesite_stairs":1,"minecraft:nether_brick_fence":1,"minecraft:oak_sign":1,"minecraft:redstone_torch":1,"minecraft:black_carpet":3},"minecraft:used":{"minecraft:polished_andesite_slab":40,"minecraft:redstone_torch":37,"minecraft:glass":5,"minecraft:smooth_quartz_stairs":6,"minecraft:nether_brick_fence":96,"minecraft:white_wool":1,"minecraft:cyan_terracotta":2,"minecraft:sea_lantern":116,"minecraft:black_wool":801,"minecraft:orange_concrete":26,"minecraft:polished_andesite":55,"minecraft:smooth_quartz_slab":3,"minecraft:black_carpet":7,"minecraft:red_concrete":19,"minecraft:glass_pane":3,"minecraft:polished_andesite_stairs":39,"minecraft:yellow_concrete":8,"minecraft:stone_stairs":9,"minecraft:polished_diorite_stairs":15,"minecraft:white_concrete_powder":2,"minecraft:dark_oak_fence_gate":2,"minecraft:red_terracotta":26,"minecraft:white_concrete":1,"minecraft:gray_concrete_powder":4,"minecraft:gray_wool":56,"minecraft:smooth_quartz":11,"minecraft:spruce_fence":113,"minecraft:orange_terracotta":103,"minecraft:polished_diorite":237},"minecraft:custom":{"minecraft:time_since_rest":372143,"minecraft:play_one_minute":372143,"minecraft:sprint_one_cm":19887,"minecraft:walk_one_cm":536503,"minecraft:drop":4,"minecraft:jump":208,"minecraft:leave_game":8,"minecraft:time_since_death":372143,"minecraft:fly_one_cm":123772},"minecraft:dropped":{"minecraft:redstone_torch":1,"minecraft:polished_andesite_stairs":1,"minecraft:nether_brick_fence":1,"minecraft:orange_terracotta":1}},"DataVersion":2230}