{"stats":{"minecraft:killed":{"minecraft:sheep":1,"minecraft:horse":1,"minecraft:cow":8},"minecraft:picked_up":{"minecraft:birch_door":2,"minecraft:water_bucket":1,"minecraft:filled_map":1,"minecraft:lantern":10,"minecraft:oak_sign":1,"minecraft:iron_ingot":1,"minecraft:torch":146,"minecraft:diamond":3,"minecraft:bone_meal":1,"minecraft:end_rod":1},"minecraft:crafted":{"minecraft:blue_dye":1,"minecraft:filled_map":4},"minecraft:used":{"minecraft:diorite_stairs":69,"minecraft:yellow_banner":18,"minecraft:water_bucket":118,"minecraft:diorite":2685,"minecraft:end_rod":40,"minecraft:iron_bars":831,"minecraft:stripped_acacia_log":124,"minecraft:birch_planks":313,"minecraft:polished_andesite":308,"minecraft:oak_planks":19,"minecraft:light_gray_carpet":3,"minecraft:oak_sign":39,"minecraft:blue_wool":320,"minecraft:chest":1,"minecraft:beacon":3,"minecraft:quartz_stairs":32,"minecraft:netherrack":484,"minecraft:white_wool":8,"minecraft:smooth_quartz_stairs":4,"minecraft:bee_spawn_egg":2,"minecraft:torch":4,"minecraft:diamond_block":9,"minecraft:orange_carpet":30,"minecraft:white_carpet":21,"minecraft:dark_prismarine_slab":4,"minecraft:oak_slab":12,"minecraft:crafting_table":2,"minecraft:loom":1,"minecraft:blue_stained_glass":4,"minecraft:nether_brick_slab":25,"minecraft:light_gray_concrete_powder":3,"minecraft:blue_concrete":54,"minecraft:nether_brick_stairs":47,"minecraft:dark_oak_door":10,"minecraft:milk_bucket":13,"minecraft:polished_diorite":13,"minecraft:birch_fence":20,"minecraft:birch_door":54,"minecraft:dark_oak_planks":63,"minecraft:sea_lantern":84,"minecraft:black_concrete":438,"minecraft:bookshelf":2,"minecraft:quartz_slab":561,"minecraft:birch_slab":90,"minecraft:lantern":48,"minecraft:iron_block":15,"minecraft:grass_block":315,"minecraft:brown_wool":54,"minecraft:map":15,"minecraft:stone_button":3,"minecraft:green_wool":12,"minecraft:smooth_quartz":2546,"minecraft:iron_door":2,"minecraft:diorite_wall":350,"minecraft:item_frame":10,"minecraft:magenta_banner":16,"minecraft:bedrock":1,"minecraft:blue_carpet":126,"minecraft:glowstone":34,"minecraft:bow":42,"minecraft:brown_carpet":22,"minecraft:cobblestone":1352,"minecraft:snow":407,"minecraft:orange_banner":8,"minecraft:oak_sapling":16,"minecraft:dark_oak_fence":3,"minecraft:glass_pane":112,"minecraft:smooth_stone_slab":6,"minecraft:acacia_planks":82,"minecraft:purple_carpet":55,"minecraft:dark_prismarine_stairs":21,"minecraft:splash_potion":198,"minecraft:bone_meal":54,"minecraft:purple_wool":108,"minecraft:diorite_slab":292,"minecraft:cobweb":60},"minecraft:custom":{"minecraft:mob_kills":10,"minecraft:interact_with_crafting_table":15,"minecraft:play_one_minute":1014682,"minecraft:interact_with_loom":15,"minecraft:leave_game":27,"minecraft:time_since_death":1014682,"minecraft:time_since_rest":1014682,"minecraft:sprint_one_cm":43390,"minecraft:walk_one_cm":1189375,"minecraft:drop":21,"minecraft:damage_dealt":109,"minecraft:interact_with_beacon":17,"minecraft:fly_one_cm":3411569,"minecraft:open_chest":10,"minecraft:crouch_one_cm":6117,"minecraft:sneak_time":11986,"minecraft:walk_under_water_one_cm":15253,"minecraft:jump":453,"minecraft:walk_on_water_one_cm":25585},"minecraft:dropped":{"minecraft:water_bucket":1,"minecraft:dark_oak_door":1,"minecraft:oak_slab":1,"minecraft:oak_planks":1,"minecraft:lantern":10,"minecraft:oak_sign":1,"minecraft:grass_block":1,"minecraft:end_rod":1,"minecraft:filled_map":1,"minecraft:orange_carpet":1,"minecraft:birch_door":1,"minecraft:bone_meal":1}},"DataVersion":2230}