{"stats":{"minecraft:dropped":{"minecraft:lava_bucket":1},"minecraft:custom":{"minecraft:jump":22,"minecraft:time_since_rest":23501,"minecraft:crouch_one_cm":23,"minecraft:play_one_minute":23501,"minecraft:leave_game":2,"minecraft:sprint_one_cm":13694,"minecraft:damage_taken":10,"minecraft:time_since_death":23501,"minecraft:walk_one_cm":37959,"minecraft:sneak_time":184,"minecraft:drop":1,"minecraft:fly_one_cm":90661},"minecraft:used":{"minecraft:lime_wool":23,"minecraft:smooth_quartz":60,"minecraft:grass_block":6}},"DataVersion":2230}