{"stats":{"minecraft:mined":{"minecraft:white_bed":2,"minecraft:grass_block":1,"minecraft:dirt":2},"minecraft:dropped":{"minecraft:orange_dye":64,"minecraft:polished_andesite":1,"minecraft:cyan_terracotta":1,"minecraft:blue_dye":64,"minecraft:iron_trapdoor":1,"minecraft:white_concrete":1,"minecraft:melon_slice":1,"minecraft:smooth_quartz":2,"minecraft:snowball":20,"minecraft:potion":6,"minecraft:smooth_stone":1,"minecraft:sweet_berries":1,"minecraft:coarse_dirt":1,"minecraft:stone_slab":1,"minecraft:salmon":1,"minecraft:white_dye":64,"minecraft:cyan_concrete":1,"minecraft:black_wool":1},"minecraft:custom":{"minecraft:mob_kills":9,"minecraft:interact_with_anvil":12,"minecraft:interact_with_crafting_table":2,"minecraft:open_barrel":19,"minecraft:fill_cauldron":1,"minecraft:leave_game":26,"minecraft:time_since_death":647140,"minecraft:climb_one_cm":9972,"minecraft:sprint_one_cm":387840,"minecraft:walk_one_cm":1943853,"minecraft:drop":43,"minecraft:deaths":4,"minecraft:sneak_time":64395,"minecraft:walk_under_water_one_cm":1004,"minecraft:interact_with_lectern":10,"minecraft:jump":2719,"minecraft:walk_on_water_one_cm":59539,"minecraft:interact_with_cartography_table":1,"minecraft:tune_noteblock":7,"minecraft:play_one_minute":2222825,"minecraft:interact_with_loom":86,"minecraft:pot_flower":1,"minecraft:time_since_rest":647203,"minecraft:damage_taken":283,"minecraft:minecart_one_cm":3294,"minecraft:damage_dealt":1380,"minecraft:swim_one_cm":2909,"minecraft:fly_one_cm":10155614,"minecraft:open_chest":54,"minecraft:crouch_one_cm":45207,"minecraft:aviate_one_cm":24930,"minecraft:fall_one_cm":544},"minecraft:picked_up":{"minecraft:lingering_potion":1,"minecraft:coarse_dirt":1,"minecraft:birch_door":4,"minecraft:black_carpet":4,"minecraft:azure_bluet":2,"minecraft:chicken":2,"minecraft:iron_trapdoor":1,"minecraft:lead":1,"minecraft:potion":71,"minecraft:orange_banner":2,"minecraft:string":1,"minecraft:item_frame":10,"minecraft:purple_banner":1,"minecraft:oak_sign":4,"minecraft:smooth_stone":1,"minecraft:beef":2,"minecraft:redstone_torch":11,"minecraft:poppy":1,"minecraft:smooth_quartz":1164,"minecraft:melon_slice":960,"minecraft:egg":1,"minecraft:dark_oak_door":5,"minecraft:stick":3,"minecraft:orange_dye":64,"minecraft:jungle_door":3,"minecraft:torch":112,"minecraft:cyan_glazed_terracotta":1,"minecraft:porkchop":3,"minecraft:white_dye":64,"minecraft:stone_button":9,"minecraft:diorite":7,"minecraft:redstone":22,"minecraft:blue_carpet":1,"minecraft:blue_dye":64,"minecraft:end_rod":1,"minecraft:gold_ingot":1,"minecraft:black_banner":2,"minecraft:snowball":4,"minecraft:oxeye_daisy":2,"minecraft:clock":1,"minecraft:leather_chestplate":1,"minecraft:feather":2,"minecraft:repeater":5,"minecraft:iron_door":4,"minecraft:magenta_banner":2,"minecraft:salmon":960,"minecraft:leather":4,"minecraft:filled_map":2,"minecraft:dirt":8,"minecraft:lantern":1,"minecraft:white_banner":3,"minecraft:purple_carpet":1,"minecraft:light_blue_banner":4,"minecraft:apple":2,"minecraft:gray_carpet":56,"minecraft:pink_banner":1,"minecraft:wheat_seeds":14,"minecraft:cyan_concrete":1,"minecraft:sweet_berries":960,"minecraft:dandelion":2,"minecraft:lava_bucket":1,"minecraft:spruce_door":21,"minecraft:polished_andesite":1,"minecraft:lime_banner":5,"minecraft:lever":1,"minecraft:white_concrete":5,"minecraft:blue_banner":2,"minecraft:light_gray_carpet":5,"minecraft:oak_sapling":9,"minecraft:brown_banner":3,"minecraft:black_wool":1,"minecraft:nether_star":2,"minecraft:sunflower":33},"minecraft:crafted":{"minecraft:filled_map":1},"minecraft:used":{"minecraft:diorite_stairs":58,"minecraft:oak_fence":19,"minecraft:stripped_acacia_wood":39,"minecraft:oak_trapdoor":31,"minecraft:light_blue_banner":107,"minecraft:light_blue_stained_glass_pane":15,"minecraft:iron_bars":900,"minecraft:flint_and_steel":2,"minecraft:smooth_quartz_slab":924,"minecraft:armor_stand":1,"minecraft:redstone":177,"minecraft:zombie_villager_spawn_egg":1,"minecraft:ladder":26,"minecraft:oak_sign":10,"minecraft:light_gray_carpet":67,"minecraft:light_blue_terracotta":12,"minecraft:black_carpet":86,"minecraft:white_concrete_powder":285,"minecraft:spruce_planks":1000,"minecraft:chest":29,"minecraft:white_terracotta":481,"minecraft:stone":1937,"minecraft:quartz_stairs":77,"minecraft:mossy_stone_brick_slab":50,"minecraft:structure_block":36,"minecraft:green_terracotta":24,"minecraft:oak_door":10,"minecraft:bee_spawn_egg":50,"minecraft:spruce_leaves":267,"minecraft:torch":118,"minecraft:dirt":16,"minecraft:anvil":6,"minecraft:white_carpet":262,"minecraft:blue_stained_glass":497,"minecraft:jungle_planks":40,"minecraft:cobblestone_wall":5,"minecraft:stone_stairs":239,"minecraft:nether_brick_slab":14,"minecraft:spruce_fence":54,"minecraft:cyan_wool":635,"minecraft:snowball":21,"minecraft:light_blue_stained_glass":777,"minecraft:obsidian":174,"minecraft:nether_brick_stairs":88,"minecraft:stripped_spruce_log":7,"minecraft:oak_fence_gate":3,"minecraft:polished_diorite":302,"minecraft:purple_banner":51,"minecraft:birch_door":93,"minecraft:brown_terracotta":27,"minecraft:glass":213,"minecraft:stone_brick_slab":98,"minecraft:dark_oak_planks":105,"minecraft:sea_lantern":381,"minecraft:cyan_terracotta":588,"minecraft:quartz_slab":342,"minecraft:lime_banner":92,"minecraft:iron_block":44,"minecraft:villager_spawn_egg":32,"minecraft:quartz_pillar":204,"minecraft:black_stained_glass_pane":51,"minecraft:filled_map":9,"minecraft:spruce_wood":14,"minecraft:lantern":44,"minecraft:grass_block":2717,"minecraft:oak_stairs":20,"minecraft:slime_block":20,"minecraft:acacia_slab":15,"minecraft:polished_andesite_stairs":129,"minecraft:quartz_block":193,"minecraft:chicken_spawn_egg":37,"minecraft:gray_concrete_powder":448,"minecraft:dark_oak_slab":13,"minecraft:smooth_quartz":8023,"minecraft:diorite_wall":349,"minecraft:pink_wool":229,"minecraft:prismarine_slab":256,"minecraft:blue_banner":19,"minecraft:barrel":8,"minecraft:stone_bricks":361,"minecraft:item_frame":22,"minecraft:yellow_concrete_powder":257,"minecraft:light_gray_wool":58,"minecraft:tripwire_hook":1,"minecraft:birch_trapdoor":24,"minecraft:glowstone":40,"minecraft:repeater":41,"minecraft:redstone_lamp":57,"minecraft:snow":899,"minecraft:black_stained_glass":27,"minecraft:scaffolding":27,"minecraft:iron_trapdoor":8,"minecraft:dark_oak_pressure_plate":8,"minecraft:oak_sapling":55,"minecraft:minecart":1,"minecraft:acacia_wood":5,"minecraft:stone_pressure_plate":14,"minecraft:observer":15,"minecraft:dark_prismarine_stairs":229,"minecraft:turtle_spawn_egg":2,"minecraft:water_bucket":58,"minecraft:dark_oak_stairs":80,"minecraft:yellow_banner":3,"minecraft:mossy_stone_bricks":93,"minecraft:diorite":2179,"minecraft:end_rod":115,"minecraft:spruce_door":277,"minecraft:gray_carpet":107,"minecraft:polished_andesite":877,"minecraft:stripped_birch_log":69,"minecraft:dark_oak_sign":3,"minecraft:prismarine":306,"minecraft:lime_wool":49,"minecraft:oak_planks":7,"minecraft:blue_wool":240,"minecraft:pink_banner":4,"minecraft:polished_diorite_slab":20,"minecraft:andesite_slab":146,"minecraft:redstone_block":5,"minecraft:black_glazed_terracotta":13,"minecraft:composter":3,"minecraft:spruce_sign":5,"minecraft:cauldron":5,"minecraft:smooth_quartz_stairs":216,"minecraft:oak_leaves":1,"minecraft:light_blue_concrete":446,"minecraft:dark_oak_trapdoor":117,"minecraft:stripped_dark_oak_log":2,"minecraft:sand":4,"minecraft:dark_prismarine_slab":49,"minecraft:tnt":27,"minecraft:crafting_table":1,"minecraft:loom":8,"minecraft:light_blue_wool":37,"minecraft:brown_banner":61,"minecraft:birch_sign":12,"minecraft:black_banner":104,"minecraft:yellow_concrete":57,"minecraft:white_bed":2,"minecraft:dark_oak_fence_gate":5,"minecraft:light_gray_concrete_powder":757,"minecraft:chiseled_quartz_block":31,"minecraft:note_block":1,"minecraft:black_concrete_powder":156,"minecraft:spruce_log":47,"minecraft:dark_oak_door":87,"minecraft:cyan_stained_glass":502,"minecraft:redstone_torch":118,"minecraft:sticky_piston":3,"minecraft:black_terracotta":1666,"minecraft:blue_stained_glass_pane":9,"minecraft:blue_glazed_terracotta":6,"minecraft:dark_prismarine":170,"minecraft:lever":7,"minecraft:flower_pot":1,"minecraft:black_wool":1822,"minecraft:acacia_stairs":12,"minecraft:black_concrete":801,"minecraft:firework_rocket":1,"minecraft:diamond_shovel":31,"minecraft:melon_slice":1,"minecraft:dark_oak_log":6,"minecraft:command_block":4,"minecraft:light_gray_concrete":453,"minecraft:heavy_weighted_pressure_plate":14,"minecraft:map":3,"minecraft:barrier":36,"minecraft:cyan_carpet":64,"minecraft:string":42,"minecraft:stone_button":24,"minecraft:spruce_pressure_plate":1,"minecraft:lectern":5,"minecraft:white_glazed_terracotta":16,"minecraft:cyan_concrete":3525,"minecraft:stone_slab":1021,"minecraft:red_terracotta":855,"minecraft:spruce_trapdoor":102,"minecraft:iron_door":38,"minecraft:gravel":82,"minecraft:spruce_sapling":26,"minecraft:polished_andesite_slab":51,"minecraft:magenta_banner":115,"minecraft:blue_carpet":116,"minecraft:coal_block":4,"minecraft:cobblestone":118,"minecraft:potion":2,"minecraft:orange_banner":74,"minecraft:cyan_stained_glass_pane":26,"minecraft:white_banner":57,"minecraft:dark_oak_fence":14,"minecraft:andesite":846,"minecraft:jungle_door":24,"minecraft:andesite_stairs":85,"minecraft:bucket":1,"minecraft:glass_pane":283,"minecraft:grass_path":8,"minecraft:smooth_stone_slab":317,"minecraft:coarse_dirt":78,"minecraft:bone_meal":891,"minecraft:purple_carpet":101,"minecraft:white_concrete":4341,"minecraft:gray_wool":134,"minecraft:smooth_stone":2089,"minecraft:purple_wool":1,"minecraft:diorite_slab":143},"minecraft:killed":{"minecraft:chicken":2,"minecraft:pig":1,"minecraft:zombie_villager":1,"minecraft:donkey":2,"minecraft:villager":2,"minecraft:cow":1}},"DataVersion":2230}